OrderDate,Product,Region,SalesRep,Quantity,UnitPrice,Revenue
2024-03-27,Webcam,South,R. Gupta,8.0,91.41,731.29
2024-02-05,Webcam,West,R. Gupta,1.0,87.35,87.35
18/01/2024,Webcam,East,S. Singh,12.0,81.3,975.63
2024-01-12,Laptop,South,P. Sharma,10.0,124.86,1248.6
2024-03-20,Webcam,West,P. Sharma,1.0,80.7,80.7
02/01/2024,USB-C Hub,South,R. Gupta,14.0,714.29,10000.06
2024-01-05,Headphones,North,S. Singh,3.0,,369.87
18/01/2024,Laptop,East,P. Sharma,13.0,123.31,1603.02
18/03/2024,USB-C Hub,North,R. Gupta,14.0,762.57,10675.96
10/03/2024,Webcam,East,M. Verma,14.0,79.42,1111.93
29/03/2024,Headphones,East,A. Kumar,6.0,113.38,680.28
2024-02-14,USB-C Hub,South,A. Kumar,5.0,736.51,3682.56
08/03/2024,Mouse,East,P. Sharma,7.0,456.16,3193.12
22/01/2024,Keyboard,South,S. Singh,9.0,866.41,7797.66
2024-02-29,Monitor,North,A. Kumar,,303.66,3643.9
2024-03-14,Mouse,South,S. Singh,3.0,425.85,1277.56
2024-03-12,Monitor,East,S. Singh,12.0,277.49,3329.92
2024-03-27,Monitor,South,M. Verma,3.0,285.98,857.95
24/02/2024,Webcam,West,A. Kumar,1.0,84.26,84.26
05/01/2024,Monitor,East,R. Gupta,10.0,281.51,2815.1
2024-02-06,Headphones,East,R. Gupta,8.0,113.81,910.52
08/02/2024,Laptop,East,A. Kumar,9.0,122.96,1106.61
2024-02-14,Monitor,North,R. Gupta,14.0,281.06,3934.87
17/01/2024,USB-C Hub,North,P. Sharma,9.0,725.63,6530.69
14/01/2024,Headphones,North,R. Gupta,9.0,120.89,1088.0
2024-02-29,Laptop,North,S. Singh,2.0,111.19,222.37
2024-01-09,Keyboard,East,P. Sharma,11.0,815.62,8971.83
07/02/2024,Headphones,North,M. Verma,5.0,112.55,562.76
28/02/2024,Mouse,North,A. Kumar,1.0,459.17,459.17
2024-03-18,Webcam,North,A. Kumar,4.0,90.51,362.03
2024-03-11,Monitor,West,M. Verma,4.0,262.53,1050.14
2024-01-02,Mouse,North,P. Sharma,7.0,478.52,3349.63
2024-02-19,Keyboard,East,P. Sharma,4.0,941.14,3764.56
2024-03-06,USB-C Hub,South,R. Gupta,5.0,745.66,3728.3
25/01/2024,Mouse,South,R. Gupta,14.0,450.03,6300.45
2024-02-12,Keyboard,South,R. Gupta,6.0,846.94,5081.64
2024-02-08,Laptop,West,M. Verma,14.0,115.07,1610.95
21/02/2024,Monitor,South,P. Sharma,2.0,291.81,583.62
01/02/2024,USB-C Hub,East,M. Verma,7.0,711.6,4981.23
29/02/2024,Laptop,South,S. Singh,3.0,111.62,334.85
2024-01-14,Webcam,North,A. Kumar,11.0,87.33,960.66
2024-03-12,Webcam,North,R. Gupta,8.0,83.46,667.68
2024-01-05,Mouse,North,A. Kumar,13.0,481.44,6258.7
29/03/2024,Keyboard,West,P. Sharma,14.0,830.49,11626.84
2024-01-04,Webcam,East,A. Kumar,5.0,81.58,407.9
2024-03-19,Headphones,,S. Singh,10.0,113.01,1130.13
20/02/2024,Keyboard,South,P. Sharma,10.0,918.23,9182.31
29/01/2024,Mouse,South,S. Singh,13.0,421.61,5480.9
2024-03-19,Headphones,North,A. Kumar,8.0,114.17,913.35
2024-01-21,USB-C Hub,South,R. Gupta,3.0,662.46,1987.39
2024-01-09,Keyboard,South,A. Kumar,1.0,937.93,937.93
2024-02-28,Webcam,West,S. Singh,3.0,89.45,268.35
20/02/2024,Headphones,North,R. Gupta,11.0,126.27,1388.99
11/02/2024,Monitor,East,S. Singh,9.0,302.2,2719.76
19/02/2024,USB-C Hub,East,A. Kumar,,672.67,6053.99
22/01/2024,Headphones,South,A. Kumar,4.0,125.56,502.23
2024-03-25,Mouse,North,R. Gupta,5.0,435.73,2178.65
2024-02-23,Laptop,,A. Kumar,5.0,109.83,549.17
01/03/2024,Keyboard,West,P. Sharma,2.0,819.82,1639.64
22/02/2024,Mouse,North,P. Sharma,10.0,481.76,4817.61
25/02/2024,Webcam,North,S. Singh,11.0,86.2,948.15
02/03/2024,Headphones,South,P. Sharma,10.0,114.58,1145.76
17/01/2024,Mouse,North,M. Verma,14.0,485.74,6800.31
2024-03-15,USB-C Hub,West,P. Sharma,14.0,696.61,9752.53
15/03/2024,Monitor,North,R. Gupta,3.0,286.07,858.2
2024-02-10,Laptop,South,R. Gupta,1.0,125.36,125.36
24/01/2024,Laptop,North,A. Kumar,1.0,111.68,111.68
07/03/2024,Laptop,East,A. Kumar,2.0,120.23,240.46
2024-01-31,Mouse,North,M. Verma,5.0,423.02,2115.08
14/02/2024,Mouse,West,R. Gupta,9.0,423.84,3814.52
01/01/2024,Webcam,South,S. Singh,1.0,82.68,82.68
2024-03-01,Laptop,South,A. Kumar,5.0,111.46,557.32
2024-03-08,Keyboard,South,R. Gupta,3.0,901.5,2704.51
2024-02-25,Mouse,North,M. Verma,5.0,467.84,2339.22
2024-02-17,Laptop,West,M. Verma,7.0,118.44,829.11
2024-02-07,Monitor,North,R. Gupta,3.0,302.0,905.99
2024-02-16,Laptop,South,M. Verma,11.0,108.47,1193.22
2024-01-22,Webcam,South,A. Kumar,13.0,85.14,1106.76
03/03/2024,USB-C Hub,East,R. Gupta,3.0,,2257.74
2024-02-11,Monitor,West,P. Sharma,12.0,296.61,3559.33
07/02/2024,Laptop,West,R. Gupta,13.0,119.61,1554.97
25/02/2024,Monitor,South,P. Sharma,12.0,277.09,3325.14
01/02/2024,Headphones,East,M. Verma,4.0,119.11,476.44
10/02/2024,Laptop,North,M. Verma,1.0,109.29,109.29
2024-03-08,Headphones,West,M. Verma,11.0,114.93,1264.27
2024-02-27,Webcam,North,A. Kumar,8.0,87.71,701.65
18/01/2024,Keyboard,North,M. Verma,10.0,884.98,8849.85
26/01/2024,USB-C Hub,South,M. Verma,3.0,727.25,2181.75
2024-01-13,  Webcam  ,South,A. Kumar,7.0,90.13,630.88
06/02/2024,Mouse,North,R. Gupta,11.0,460.88,5069.71
18/01/2024,Headphones,East,A. Kumar,6.0,129.46,776.79
19/03/2024,Mouse,North,M. Verma,9.0,431.68,3885.12
14/03/2024,  Monitor  ,North,S. Singh,2.0,302.6,605.2
2024-01-27,USB-C Hub,East,A. Kumar,13.0,666.89,8669.51
20/02/2024,Webcam,East,R. Gupta,6.0,81.1,486.6
2024-03-20,Monitor,East,P. Sharma,9.0,276.52,2488.68
01/03/2024,Webcam,North,P. Sharma,10.0,81.27,812.67
05/01/2024,Laptop,North,A. Kumar,7.0,121.7,851.87
27/01/2024,Mouse,West,R. Gupta,6.0,454.16,2724.96
01/03/2024,USB-C Hub,North,A. Kumar,1.0,686.73,686.73
07/02/2024,Headphones,West,A. Kumar,9.0,128.93,1160.37
2024-01-29,Mouse,North,P. Sharma,14.0,485.63,6798.83
2024-02-11,Mouse,North,M. Verma,3.0,428.49,1285.48
2024-03-16,Laptop,North,A. Kumar,6.0,108.82,652.93
30/03/2024,Monitor,North,R. Gupta,8.0,272.8,2182.38
2024-01-15,Monitor,East,A. Kumar,11.0,304.03,3344.32
25/01/2024,Monitor,North,S. Singh,4.0,,1064.68
2024-01-31,Laptop,West,P. Sharma,5.0,117.16,585.8
2024-03-17,USB-C Hub,North,A. Kumar,13.0,671.57,8730.4
2024-01-12,Laptop,East,R. Gupta,10.0,122.67,1226.69
2024-03-13,Laptop,North,M. Verma,2.0,113.03,226.07
12/01/2024,USB-C Hub,North,M. Verma,6.0,717.16,4302.93
2024-03-20,Laptop,North,A. Kumar,2.0,121.28,242.57
2024-01-16,Headphones,West,R. Gupta,14.0,113.03,1582.48
2024-03-20,  Mouse  ,West,P. Sharma,10.0,456.94,4569.43
2024-02-19,Laptop,North,S. Singh,3.0,122.28,366.85
22/03/2024,Monitor,South,A. Kumar,10.0,265.02,2650.25
2024-02-08,Laptop,North,M. Verma,8.0,115.54,924.29
2024-02-16,Keyboard,West,P. Sharma,12.0,897.28,10767.31
2024-02-01,Mouse,East,P. Sharma,13.0,463.34,6023.44
25/02/2024,Headphones,West,A. Kumar,3.0,127.28,381.84
2024-01-06,Keyboard,West,A. Kumar,11.0,821.39,9035.28
2024-03-28,USB-C Hub,South,R. Gupta,4.0,668.89,2675.58
16/01/2024,Headphones,East,R. Gupta,2.0,128.45,256.91
2024-02-21,Laptop,North,S. Singh,7.0,112.67,788.71
11/01/2024,Webcam,North,A. Kumar,11.0,81.23,893.53
29/02/2024,Mouse,West,M. Verma,14.0,481.7,6743.74
07/01/2024,Webcam,South,R. Gupta,6.0,84.41,506.44
2024-01-12,Monitor,North,R. Gupta,2.0,292.46,584.91
02/03/2024,Mouse,East,S. Singh,12.0,472.66,5671.88
2024-02-20,Headphones,West,P. Sharma,2.0,124.96,249.92
29/03/2024,Monitor,West,S. Singh,2.0,292.04,584.08
2024-02-02,Headphones,West,M. Verma,13.0,120.26,1563.37
30/01/2024,Monitor,North,S. Singh,12.0,291.92,3503.02
2024-03-21,Mouse,South,M. Verma,4.0,444.12,1776.47
2024-02-02,Monitor,East,A. Kumar,6.0,290.98,1745.89
17/02/2024,Headphones,North,M. Verma,4.0,113.29,453.16
10/03/2024,Monitor,West,M. Verma,3.0,290.73,872.19
2024-02-13,Laptop,East,M. Verma,8.0,120.29,962.33
2024-03-15,Mouse,North,M. Verma,12.0,457.2,5486.37
2024-01-10,USB-C Hub,East,A. Kumar,12.0,670.06,8040.73
13/03/2024,Webcam,,M. Verma,6.0,79.45,476.7
12/02/2024,Monitor,West,A. Kumar,9.0,,2674.21
2024-03-14,Headphones,North,A. Kumar,9.0,123.03,1107.27
2024-03-21,Laptop,,A. Kumar,3.0,111.32,333.95
2024-01-11,Headphones,North,A. Kumar,6.0,121.77,730.62
30/01/2024,USB-C Hub,West,R. Gupta,1.0,665.42,665.42
06/03/2024,Monitor,West,S. Singh,3.0,293.05,879.14
24/01/2024,Mouse,North,R. Gupta,8.0,476.25,3810.01
11/02/2024,Mouse,East,R. Gupta,1.0,476.32,476.32
13/01/2024,Monitor,North,R. Gupta,5.0,277.94,1389.7
2024-02-22,Keyboard,North,M. Verma,14.0,806.61,11292.53
04/02/2024,Keyboard,West,M. Verma,10.0,941.93,9419.29
2024-03-18,Mouse,North,M. Verma,1.0,,477.83
21/03/2024,Monitor,North,P. Sharma,6.0,267.13,1602.79
2024-01-31,  Webcam  ,West,R. Gupta,6.0,89.64,537.83
2024-02-21,Mouse,North,P. Sharma,8.0,439.55,3516.4
28/02/2024,Webcam,East,A. Kumar,2.0,91.55,183.1
2024-03-14,Mouse,North,M. Verma,4.0,433.15,1732.61
2024-01-18,Keyboard,West,A. Kumar,10.0,805.14,8051.44
2024-01-17,  Monitor  ,South,A. Kumar,2.0,272.85,545.71
26/03/2024,  Laptop  ,West,P. Sharma,11.0,115.33,1268.62
15/02/2024,Monitor,North,P. Sharma,7.0,268.62,1880.34
21/03/2024,Monitor,East,A. Kumar,8.0,263.99,2111.92
02/02/2024,Keyboard,North,A. Kumar,12.0,907.99,10895.91
26/02/2024,Monitor,North,P. Sharma,7.0,302.46,2117.23
2024-03-07,Laptop,,M. Verma,12.0,112.4,1348.85
2024-01-12,  Mouse  ,West,S. Singh,3.0,460.37,1381.1
15/03/2024,Webcam,East,P. Sharma,9.0,79.86,718.74
22/01/2024,USB-C Hub,West,R. Gupta,12.0,677.73,8132.73
19/03/2024,Laptop,South,A. Kumar,11.0,108.68,1195.52
24/03/2024,USB-C Hub,West,R. Gupta,7.0,744.79,5213.53
2024-01-08,  Laptop  ,East,R. Gupta,2.0,108.33,216.66
2024-03-06,Monitor,North,S. Singh,6.0,281.77,1690.59
2024-01-19,Headphones,East,P. Sharma,5.0,123.68,618.41
2024-03-19,Monitor,East,R. Gupta,1.0,271.01,271.01
27/02/2024,Mouse,East,R. Gupta,14.0,436.04,6104.5
2024-03-09,Keyboard,South,A. Kumar,4.0,880.64,3522.56
25/03/2024,Headphones,North,A. Kumar,10.0,118.36,1183.56
05/01/2024,Laptop,South,P. Sharma,12.0,118.61,1423.27
02/01/2024,USB-C Hub,South,A. Kumar,11.0,737.28,8110.12
01/03/2024,Laptop,East,R. Gupta,10.0,117.87,1178.74
15/02/2024,Mouse,West,R. Gupta,4.0,482.96,1931.84
2024-03-19,Mouse,West,S. Singh,7.0,443.74,3106.21
07/03/2024,Keyboard,East,R. Gupta,5.0,897.66,4488.28
2024-03-26,USB-C Hub,West,P. Sharma,11.0,710.07,7810.75
2024-03-22,Laptop,South,A. Kumar,,123.32,493.27
2024-01-02,Laptop,East,P. Sharma,14.0,111.8,1565.17
2024-02-18,Monitor,West,M. Verma,3.0,285.71,857.14
17/01/2024,Webcam,West,R. Gupta,13.0,92.73,1205.51
2024-02-29,Webcam,South,R. Gupta,13.0,86.43,1123.63
06/03/2024,Monitor,South,M. Verma,8.0,284.66,2277.3
10/02/2024,Mouse,North,M. Verma,4.0,455.78,1823.1
2024-03-05,USB-C Hub,North,R. Gupta,3.0,704.85,2114.56
2024-02-13,Keyboard,West,P. Sharma,5.0,821.24,4106.22
27/01/2024,Mouse,East,S. Singh,4.0,483.24,1932.96
25/03/2024,Laptop,North,M. Verma,7.0,114.7,802.91
2024-01-09,Laptop,West,S. Singh,10.0,123.89,1238.95
2024-01-28,Webcam,East,S. Singh,9.0,83.56,752.02
28/01/2024,Headphones,South,M. Verma,4.0,115.36,461.43
21/03/2024,USB-C Hub,West,P. Sharma,3.0,696.7,2090.09
05/03/2024,USB-C Hub,East,R. Gupta,13.0,757.4,9846.21
2024-02-06,Mouse,North,R. Gupta,3.0,463.42,1390.25
28/02/2024,Webcam,West,A. Kumar,14.0,82.6,1156.38
2024-02-10,Headphones,South,R. Gupta,10.0,118.58,1185.76
2024-01-08,Keyboard,South,A. Kumar,13.0,828.08,10765.0
06/01/2024,Monitor,East,M. Verma,12.0,297.18,3566.21
2024-01-26,Keyboard,West,M. Verma,12.0,925.79,11109.5
29/03/2024,Headphones,East,P. Sharma,2.0,117.32,234.63
2024-01-28,Keyboard,East,S. Singh,9.0,882.53,7942.79
03/01/2024,Laptop,East,R. Gupta,1.0,115.08,115.08
01/01/2024,Mouse,North,A. Kumar,5.0,456.25,2281.23
27/03/2024,USB-C Hub,East,R. Gupta,12.0,681.14,8173.64
16/01/2024,USB-C Hub,East,R. Gupta,13.0,718.31,9338.04
2024-03-14,Mouse,North,R. Gupta,1.0,440.04,440.04
01/02/2024,Mouse,North,M. Verma,5.0,466.78,2333.91
2024-02-06,Mouse,North,R. Gupta,6.0,473.63,2841.8
05/03/2024,Webcam,West,A. Kumar,6.0,82.7,496.17
2024-02-01,Laptop,South,R. Gupta,8.0,115.73,925.83
2024-01-13,Laptop,East,R. Gupta,,114.04,570.19
01/03/2024,Mouse,East,R. Gupta,2.0,437.91,875.82
2024-02-07,Webcam,South,S. Singh,1.0,83.05,83.05
06/01/2024,Laptop,West,R. Gupta,6.0,122.86,737.13
2024-03-15,USB-C Hub,South,M. Verma,11.0,747.61,8223.75
2024-01-01,Mouse,North,A. Kumar,8.0,473.94,3791.49
02/03/2024,USB-C Hub,West,P. Sharma,9.0,693.61,6242.52
15/01/2024,USB-C Hub,South,A. Kumar,11.0,770.79,8478.68
2024-02-09,Headphones,West,A. Kumar,5.0,126.96,634.82
2024-03-25,Mouse,North,R. Gupta,11.0,482.23,5304.57
19/03/2024,Headphones,West,M. Verma,7.0,116.37,814.6
12/02/2024,Webcam,,R. Gupta,12.0,81.12,973.41
2024-03-16,Mouse,East,S. Singh,6.0,477.82,2866.92
2024-01-01,USB-C Hub,North,A. Kumar,4.0,725.57,2902.29
2024-02-12,USB-C Hub,South,R. Gupta,7.0,756.98,5298.84
18/01/2024,Laptop,East,P. Sharma,6.0,117.4,704.39
2024-01-10,USB-C Hub,East,S. Singh,3.0,717.8,2153.41
01/03/2024,Webcam,North,A. Kumar,,91.45,548.68
2024-03-07,Headphones,West,R. Gupta,5.0,118.85,594.23
18/01/2024,Webcam,West,M. Verma,7.0,86.57,605.97
2024-02-14,Monitor,North,R. Gupta,5.0,293.31,1466.54
15/01/2024,USB-C Hub,North,R. Gupta,5.0,737.0,3684.98
2024-01-25,Laptop,South,S. Singh,3.0,111.89,335.68
2024-02-06,Mouse,East,S. Singh,14.0,465.77,6520.83
2024-01-05,Webcam,North,R. Gupta,4.0,90.49,361.97
2024-01-19,Laptop,West,A. Kumar,10.0,124.38,1243.78
2024-01-18,Headphones,North,A. Kumar,12.0,111.44,1337.32
13/02/2024,Monitor,South,R. Gupta,4.0,303.57,1214.27
29/03/2024,Webcam,West,R. Gupta,8.0,92.42,739.38
10/01/2024,Headphones,West,A. Kumar,6.0,130.06,780.36
16/01/2024,Keyboard,East,S. Singh,7.0,916.35,6414.44
10/03/2024,Webcam,North,S. Singh,2.0,87.37,174.74
2024-02-20,Keyboard,West,M. Verma,2.0,839.65,1679.3
30/03/2024,Mouse,East,P. Sharma,4.0,426.67,1706.7
02/01/2024,USB-C Hub,South,P. Sharma,7.0,734.32,5140.21
21/01/2024,USB-C Hub,,R. Gupta,12.0,676.05,8112.62
24/01/2024,Mouse,North,S. Singh,5.0,420.76,2103.8
22/03/2024,Monitor,North,A. Kumar,2.0,265.38,530.76
30/01/2024,Headphones,North,A. Kumar,10.0,128.59,1285.91
15/02/2024,Headphones,West,R. Gupta,9.0,129.47,1165.21
02/02/2024,Keyboard,North,S. Singh,7.0,885.06,6195.43
2024-02-08,USB-C Hub,East,M. Verma,13.0,735.07,9555.88
2024-03-15,USB-C Hub,North,S. Singh,9.0,675.18,6076.58
18/03/2024,Laptop,West,S. Singh,9.0,122.67,1104.05
27/02/2024,Mouse,West,S. Singh,6.0,478.67,2872.04
2024-01-11,USB-C Hub,East,P. Sharma,7.0,718.64,5030.51
2024-01-08,Keyboard,North,M. Verma,5.0,909.94,4549.7
28/03/2024,USB-C Hub,East,S. Singh,9.0,658.51,5926.57
11/01/2024,Headphones,East,P. Sharma,14.0,126.8,1775.19
30/03/2024,Monitor,West,R. Gupta,9.0,276.03,2484.27
2024-01-14,Webcam,South,R. Gupta,5.0,82.75,413.74
2024-01-10,Webcam,South,P. Sharma,12.0,82.33,987.95
2024-03-03,Mouse,South,P. Sharma,8.0,453.42,3627.34
08/03/2024,USB-C Hub,West,P. Sharma,13.0,771.81,10033.49
17/02/2024,Monitor,North,A. Kumar,9.0,269.21,2422.92
2024-02-13,Mouse,East,A. Kumar,8.0,459.33,3674.63
05/03/2024,USB-C Hub,South,S. Singh,4.0,720.42,2881.7
2024-03-06,Laptop,East,M. Verma,14.0,108.08,1513.13
28/01/2024,Keyboard,North,S. Singh,9.0,920.53,8284.75
2024-02-13,Mouse,South,R. Gupta,12.0,430.9,5170.74
2024-01-05,Monitor,South,R. Gupta,13.0,303.49,3945.31
2024-01-01,Monitor,East,S. Singh,10.0,286.13,2861.29
30/03/2024,  Laptop  ,South,A. Kumar,8.0,109.35,874.82
04/02/2024,Monitor,West,M. Verma,10.0,277.26,2772.58
2024-03-13,Mouse,East,P. Sharma,8.0,423.19,3385.48
01/01/2024,Keyboard,South,S. Singh,1.0,904.59,904.59
2024-02-01,Webcam,West,M. Verma,4.0,80.79,323.17
06/03/2024,Webcam,North,S. Singh,13.0,87.46,1136.96
2024-02-06,Monitor,West,S. Singh,1.0,300.37,300.37
2024-01-10,Mouse,East,P. Sharma,13.0,418.49,5440.35
2024-02-12,Mouse,East,P. Sharma,7.0,442.89,3100.26
22/03/2024,Headphones,North,M. Verma,10.0,119.77,1197.66
2024-01-16,Headphones,South,P. Sharma,10.0,128.29,1282.92
2024-01-30,Laptop,East,A. Kumar,7.0,120.37,842.62
2024-03-27,Mouse,North,R. Gupta,14.0,423.29,5926.1
19/03/2024,Laptop,East,S. Singh,13.0,113.51,1475.66
10/03/2024,Laptop,South,S. Singh,2.0,122.61,245.22
2024-01-04,Laptop,East,R. Gupta,5.0,125.02,625.09
2024-03-12,USB-C Hub,East,M. Verma,13.0,689.9,8968.71
2024-02-22,  Monitor  ,North,M. Verma,7.0,283.26,1982.82
2024-03-25,Keyboard,South,R. Gupta,6.0,844.59,5067.52
18/03/2024,USB-C Hub,East,M. Verma,7.0,679.21,4754.45
2024-03-09,Monitor,West,M. Verma,1.0,264.11,264.11
2024-01-31,Monitor,North,M. Verma,3.0,292.36,877.08
19/02/2024,  Laptop  ,South,A. Kumar,11.0,115.4,1269.39
2024-02-16,Keyboard,West,P. Sharma,12.0,897.28,10767.31
18/03/2024,Mouse,West,A. Kumar,2.0,436.34,872.68
20/02/2024,Webcam,South,A. Kumar,5.0,79.33,396.64
27/03/2024,Headphones,North,P. Sharma,3.0,119.16,357.48
2024-02-10,Webcam,South,M. Verma,11.0,81.14,892.58
2024-02-03,Headphones,West,S. Singh,6.0,112.59,675.51
07/02/2024,Headphones,East,R. Gupta,3.0,115.7,347.11
05/01/2024,Monitor,West,A. Kumar,5.0,264.85,1324.27
2024-03-14,Headphones,North,M. Verma,9.0,128.35,1155.17
2024-01-19,Monitor,West,S. Singh,7.0,290.76,2035.29
2024-03-19,Mouse,North,A. Kumar,3.0,459.19,1377.58
04/01/2024,USB-C Hub,East,A. Kumar,1.0,680.14,680.14
12/02/2024,Keyboard,North,P. Sharma,14.0,918.15,12854.14
29/02/2024,Monitor,South,P. Sharma,8.0,288.55,2308.41
2024-02-11,Laptop,East,P. Sharma,1.0,113.23,113.23
2024-03-04,Webcam,East,A. Kumar,2.0,91.87,183.74
16/01/2024,Keyboard,West,R. Gupta,10.0,895.24,8952.37
16/01/2024,Mouse,West,S. Singh,7.0,416.44,2915.11
2024-02-02,Monitor,North,R. Gupta,3.0,284.92,854.76
2024-01-05,Webcam,West,M. Verma,12.0,79.75,957.04
12/02/2024,  Mouse  ,East,P. Sharma,14.0,434.18,6078.58
22/03/2024,Keyboard,West,S. Singh,11.0,892.27,9815.0
02/01/2024,Headphones,West,R. Gupta,3.0,111.93,335.79
2024-02-02,Laptop,West,A. Kumar,4.0,121.97,487.88
2024-03-02,USB-C Hub,South,S. Singh,10.0,694.02,6940.18
2024-02-07,Webcam,South,S. Singh,1.0,83.05,83.05
2024-03-13,Headphones,North,R. Gupta,1.0,113.9,113.9
15/01/2024,USB-C Hub,South,A. Kumar,11.0,770.79,8478.68
2024-03-06,Mouse,North,S. Singh,9.0,480.88,4327.9
14/02/2024,Webcam,West,R. Gupta,1.0,83.41,83.41
2024-03-03,Mouse,West,S. Singh,13.0,445.05,5785.7
2024-02-27,Mouse,West,M. Verma,7.0,440.32,3082.26
28/02/2024,Webcam,West,A. Kumar,14.0,85.67,1199.32
2024-03-24,Keyboard,East,S. Singh,10.0,905.69,9056.93
03/01/2024,Monitor,East,R. Gupta,3.0,294.63,883.89
27/03/2024,Mouse,West,R. Gupta,6.0,479.44,2876.63
2024-02-11,Headphones,South,M. Verma,13.0,130.13,1691.68
2024-03-05,Laptop,East,M. Verma,4.0,109.62,438.47
05/02/2024,Monitor,East,M. Verma,11.0,285.24,3137.61
2024-02-06,Laptop,North,R. Gupta,,114.39,686.32
26/02/2024,Headphones,West,R. Gupta,1.0,116.68,116.68
18/01/2024,Laptop,East,P. Sharma,8.0,112.5,900.03
2024-01-03,Mouse,South,R. Gupta,9.0,451.2,4060.78
2024-02-13,Laptop,West,A. Kumar,3.0,116.21,348.62
2024-03-03,Monitor,East,A. Kumar,6.0,297.92,1787.51
13/01/2024,Headphones,South,S. Singh,3.0,113.7,341.09
25/02/2024,Mouse,West,P. Sharma,8.0,431.93,3455.43
02/02/2024,Monitor,East,R. Gupta,8.0,289.72,2317.75
17/02/2024,Mouse,East,P. Sharma,11.0,417.32,4590.48
25/02/2024,USB-C Hub,West,R. Gupta,6.0,665.02,3990.14
2024-02-22,Keyboard,East,S. Singh,3.0,917.82,2753.45
2024-03-15,  Webcam  ,East,S. Singh,2.0,80.0,159.99
2024-01-01,Monitor,East,R. Gupta,12.0,278.91,3346.87
24/02/2024,Headphones,South,R. Gupta,10.0,128.53,1285.34
11/01/2024,Webcam,West,M. Verma,6.0,83.7,502.2
26/02/2024,Mouse,South,R. Gupta,1.0,457.9,457.9
2024-02-02,Keyboard,South,P. Sharma,13.0,914.56,11889.3
16/03/2024,Webcam,East,P. Sharma,4.0,87.72,350.88
19/02/2024,Headphones,North,A. Kumar,3.0,113.62,340.86
2024-02-01,Keyboard,North,S. Singh,6.0,910.45,5462.68
2024-01-20,Laptop,South,S. Singh,9.0,114.2,1027.83
01/02/2024,Laptop,West,A. Kumar,4.0,117.45,469.81
23/02/2024,Webcam,East,A. Kumar,14.0,92.33,1292.59
20/03/2024,Monitor,South,R. Gupta,10.0,286.14,2861.42
2024-01-10,Monitor,West,S. Singh,3.0,279.47,838.42
04/01/2024,Headphones,West,P. Sharma,4.0,123.9,495.61
28/01/2024,Webcam,North,A. Kumar,4.0,87.01,348.02
2024-03-20,Webcam,West,S. Singh,14.0,85.26,1193.59
2024-01-18,Monitor,West,P. Sharma,6.0,294.51,1767.07
24/02/2024,  Monitor  ,East,S. Singh,11.0,292.15,3213.62
28/01/2024,Monitor,South,R. Gupta,2.0,285.71,571.43
2024-03-07,Laptop,East,R. Gupta,13.0,123.31,1603.08
21/01/2024,USB-C Hub,South,S. Singh,7.0,733.4,5133.78
23/02/2024,Mouse,North,A. Kumar,5.0,466.73,2333.66
2024-01-10,Monitor,East,R. Gupta,1.0,290.04,290.04
2024-02-20,Webcam,West,A. Kumar,13.0,92.56,1203.34
13/02/2024,Headphones,North,R. Gupta,4.0,126.46,505.82
15/02/2024,Keyboard,North,P. Sharma,5.0,895.5,4477.52
22/03/2024,Mouse,South,S. Singh,6.0,474.22,2845.33
2024-01-20,Monitor,South,A. Kumar,1.0,287.72,287.72
26/01/2024,Webcam,East,S. Singh,6.0,86.21,517.25
2024-01-15,Headphones,East,M. Verma,12.0,124.77,1497.23
2024-03-09,Mouse,East,R. Gupta,12.0,435.34,5224.03
09/03/2024,USB-C Hub,North,S. Singh,9.0,765.39,6888.54
2024-03-22,Keyboard,West,R. Gupta,12.0,877.7,10532.45
19/02/2024,Laptop,South,M. Verma,8.0,108.61,868.86
29/03/2024,Webcam,West,S. Singh,2.0,87.32,174.65
2024-02-17,Headphones,East,P. Sharma,11.0,122.23,1344.49
2024-03-08,USB-C Hub,North,S. Singh,14.0,692.95,9701.27
2024-01-11,Webcam,West,R. Gupta,7.0,90.05,630.35
2024-02-08,Webcam,North,M. Verma,8.0,79.63,637.0
16/01/2024,USB-C Hub,South,A. Kumar,8.0,719.52,5756.14
2024-01-13,Mouse,South,R. Gupta,13.0,442.98,5758.79
29/03/2024,USB-C Hub,North,R. Gupta,2.0,746.96,1493.92
2024-03-27,  Webcam  ,South,R. Gupta,5.0,80.21,401.05
2024-01-10,Monitor,South,P. Sharma,12.0,304.03,3648.4
27/02/2024,USB-C Hub,East,S. Singh,12.0,713.08,8556.91
28/03/2024,Keyboard,East,A. Kumar,1.0,834.84,834.84
08/03/2024,Keyboard,North,A. Kumar,5.0,879.16,4395.8
2024-03-29,Monitor,East,P. Sharma,4.0,273.07,1092.26
2024-02-29,Monitor,West,M. Verma,6.0,265.02,1590.11
26/02/2024,Keyboard,East,P. Sharma,13.0,,11693.11
29/02/2024,Webcam,West,S. Singh,12.0,90.79,1089.48
20/02/2024,Laptop,East,A. Kumar,1.0,114.86,114.86
23/01/2024,Laptop,West,R. Gupta,5.0,112.3,561.48
11/01/2024,Headphones,North,R. Gupta,8.0,123.01,984.1
2024-01-12,Monitor,West,P. Sharma,8.0,266.73,2133.88
03/02/2024,Laptop,North,A. Kumar,8.0,109.79,878.31
2024-01-12,Laptop,East,A. Kumar,6.0,109.09,654.52
2024-03-25,Webcam,North,S. Singh,12.0,90.53,1086.42
22/02/2024,USB-C Hub,West,M. Verma,5.0,704.83,3524.15
05/01/2024,USB-C Hub,East,S. Singh,10.0,728.25,7282.53
03/02/2024,Headphones,North,A. Kumar,9.0,111.75,1005.72
24/02/2024,Webcam,East,P. Sharma,4.0,92.84,371.36
2024-01-14,Webcam,North,P. Sharma,10.0,84.93,849.27
04/03/2024,Headphones,North,S. Singh,8.0,119.42,955.32
2024-03-07,Monitor,North,S. Singh,13.0,263.33,3423.23
2024-01-29,Headphones,North,M. Verma,6.0,129.98,779.88
19/01/2024,Laptop,West,R. Gupta,8.0,114.54,916.31
09/02/2024,Headphones,South,A. Kumar,2.0,121.58,243.16
2024-02-16,Mouse,East,S. Singh,14.0,455.01,6370.1
2024-01-29,Laptop,West,R. Gupta,4.0,119.49,477.97
2024-02-08,Mouse,South,P. Sharma,1.0,,446.43
11/01/2024,Laptop,North,A. Kumar,4.0,121.52,486.08
31/01/2024,Laptop,South,S. Singh,4.0,119.15,476.61
2024-03-22,Webcam,West,M. Verma,1.0,87.7,87.7
2024-03-06,Laptop,East,R. Gupta,2.0,123.4,246.81
06/03/2024,Monitor,North,P. Sharma,3.0,267.94,803.83
10/02/2024,Mouse,East,S. Singh,11.0,429.04,4719.42
2024-02-20,Mouse,North,A. Kumar,2.0,467.48,934.97
04/01/2024,Laptop,South,M. Verma,12.0,117.16,1405.98
2024-01-24,  Laptop  ,South,A. Kumar,7.0,125.96,881.72
2024-02-28,USB-C Hub,East,M. Verma,6.0,755.58,4533.47
08/02/2024,Laptop,North,R. Gupta,11.0,107.68,1184.47
2024-01-05,Headphones,East,P. Sharma,2.0,121.32,242.63
2024-01-17,Keyboard,South,A. Kumar,12.0,871.73,10460.82
2024-01-11,Keyboard,South,S. Singh,11.0,853.4,9387.37
2024-02-13,Monitor,East,S. Singh,7.0,297.2,2080.41
29/02/2024,Monitor,West,S. Singh,1.0,266.26,266.26
27/01/2024,Webcam,West,R. Gupta,14.0,85.32,1194.44
04/01/2024,Keyboard,South,S. Singh,14.0,936.62,13112.66
2024-02-20,Keyboard,West,A. Kumar,6.0,851.54,5109.26
04/03/2024,USB-C Hub,West,S. Singh,5.0,692.95,3464.73
07/03/2024,Headphones,North,P. Sharma,4.0,123.22,492.87
2024-02-06,Keyboard,South,R. Gupta,1.0,927.39,927.39
20/03/2024,Headphones,North,P. Sharma,7.0,118.23,827.62
2024-01-05,Mouse,South,M. Verma,10.0,438.52,4385.25
2024-03-23,Laptop,West,P. Sharma,5.0,112.34,561.68
2024-03-14,Headphones,South,R. Gupta,10.0,128.97,1289.71
2024-03-18,Mouse,West,P. Sharma,14.0,475.83,6661.63
2024-01-05,Webcam,West,R. Gupta,13.0,81.79,1063.33
06/02/2024,Webcam,,S. Singh,,91.11,364.43
2024-03-04,Keyboard,East,R. Gupta,11.0,904.32,9947.54
2024-02-24,Laptop,East,P. Sharma,12.0,114.95,1379.46
28/03/2024,Headphones,North,A. Kumar,8.0,130.03,1040.26
2024-01-23,Mouse,West,A. Kumar,3.0,445.83,1337.48
23/01/2024,Laptop,East,S. Singh,2.0,125.86,251.71
26/03/2024,Mouse,South,R. Gupta,6.0,424.93,2549.55
11/02/2024,USB-C Hub,North,A. Kumar,12.0,662.15,7945.74
23/02/2024,Mouse,West,M. Verma,2.0,443.66,887.32
03/01/2024,Laptop,West,P. Sharma,12.0,117.15,1405.84
2024-03-14,Keyboard,North,R. Gupta,3.0,931.45,2794.35
2024-01-25,Monitor,South,M. Verma,10.0,267.76,2677.58
27/02/2024,Laptop,South,R. Gupta,1.0,110.93,110.93
2024-03-20,Laptop,East,R. Gupta,8.0,114.04,912.32
23/01/2024,USB-C Hub,North,P. Sharma,3.0,709.53,2128.59
09/01/2024,Keyboard,North,M. Verma,13.0,941.24,12236.06
27/01/2024,Laptop,West,S. Singh,11.0,114.07,1254.79
08/02/2024,Mouse,East,R. Gupta,1.0,416.86,416.86
10/01/2024,USB-C Hub,South,S. Singh,5.0,678.65,3393.27
2024-01-06,Mouse,West,M. Verma,2.0,419.86,839.71
13/01/2024,Keyboard,South,P. Sharma,4.0,941.44,3765.75
2024-02-14,Keyboard,North,M. Verma,6.0,928.22,5569.33
2024-01-22,Webcam,North,M. Verma,7.0,87.82,614.77
2024-02-14,Webcam,West,S. Singh,4.0,79.26,317.03
2024-02-10,Laptop,West,M. Verma,8.0,114.65,917.21
19/02/2024,Headphones,North,A. Kumar,7.0,115.87,811.08
10/01/2024,Laptop,East,A. Kumar,13.0,116.62,1516.03
2024-03-01,Mouse,North,M. Verma,10.0,437.53,4375.29
2024-03-18,Webcam,West,P. Sharma,8.0,82.04,656.33
2024-02-21,USB-C Hub,North,P. Sharma,4.0,,2637.49
20/02/2024,Headphones,East,M. Verma,4.0,124.32,497.28
01/02/2024,Webcam,West,P. Sharma,14.0,89.43,1252.07
2024-01-25,Monitor,East,S. Singh,11.0,279.53,3074.85
20/01/2024,Webcam,South,R. Gupta,7.0,81.88,573.19
04/01/2024,Keyboard,South,S. Singh,14.0,936.62,13112.66
08/03/2024,Monitor,West,R. Gupta,14.0,269.58,3774.17
07/03/2024,USB-C Hub,South,S. Singh,11.0,752.72,8279.92
21/02/2024,Mouse,East,R. Gupta,9.0,428.48,3856.31
29/03/2024,USB-C Hub,South,R. Gupta,4.0,694.75,2779.0
14/01/2024,Laptop,East,M. Verma,11.0,113.2,1245.22
25/03/2024,USB-C Hub,West,R. Gupta,4.0,753.74,3014.95
2024-01-23,Monitor,North,A. Kumar,9.0,289.81,2608.31
28/02/2024,Webcam,West,P. Sharma,1.0,90.86,90.86
2024-03-18,USB-C Hub,South,A. Kumar,14.0,664.69,9305.66
2024-01-12,USB-C Hub,East,A. Kumar,13.0,725.87,9436.36
2024-03-27,USB-C Hub,North,S. Singh,9.0,676.81,6091.3
2024-01-02,Webcam,North,P. Sharma,7.0,85.96,601.73
2024-01-29,Monitor,South,A. Kumar,7.0,269.13,1883.93
2024-02-27,Webcam,North,A. Kumar,14.0,83.73,1172.27
2024-02-12,Headphones,East,A. Kumar,5.0,115.48,577.38
2024-03-04,Webcam,West,S. Singh,7.0,90.2,631.37
16/03/2024,Keyboard,East,R. Gupta,5.0,942.37,4711.87
2024-01-12,USB-C Hub,South,P. Sharma,2.0,717.79,1435.58
04/01/2024,Laptop,East,R. Gupta,12.0,125.25,1502.94
02/02/2024,USB-C Hub,West,S. Singh,4.0,732.96,2931.82
09/01/2024,Mouse,South,R. Gupta,6.0,469.61,2817.64
20/02/2024,Keyboard,East,S. Singh,9.0,817.89,7361.0
20/01/2024,Laptop,West,P. Sharma,12.0,108.84,1306.1
06/02/2024,Keyboard,West,M. Verma,,932.51,13055.11
2024-01-02,Webcam,West,R. Gupta,8.0,88.79,710.35
2024-01-28,Monitor,West,R. Gupta,9.0,272.8,2455.24
15/01/2024,USB-C Hub,North,A. Kumar,12.0,719.79,8637.52
09/01/2024,Monitor,North,P. Sharma,4.0,283.14,1132.55
2024-01-02,Laptop,North,A. Kumar,2.0,117.05,234.1
07/03/2024,Keyboard,North,R. Gupta,12.0,822.97,9875.59
15/03/2024,USB-C Hub,East,R. Gupta,9.0,694.83,6253.51
17/02/2024,Monitor,South,S. Singh,5.0,278.55,1392.76
23/02/2024,Webcam,North,M. Verma,1.0,86.56,86.56
2024-02-04,Keyboard,South,R. Gupta,13.0,909.9,11828.7
01/03/2024,Headphones,South,M. Verma,6.0,119.52,717.12
23/01/2024,Monitor,,R. Gupta,8.0,288.89,2311.14
2024-03-14,Laptop,West,S. Singh,,116.9,1519.67
06/01/2024,Mouse,East,M. Verma,10.0,418.14,4181.44
2024-03-29,Monitor,East,R. Gupta,3.0,266.93,800.79
10/01/2024,Webcam,North,R. Gupta,9.0,89.01,801.05
2024-01-10,Keyboard,North,M. Verma,8.0,874.75,6998.04
20/02/2024,Monitor,West,S. Singh,13.0,277.03,3601.41
01/01/2024,USB-C Hub,North,S. Singh,2.0,766.35,1532.71
16/02/2024,Laptop,West,R. Gupta,9.0,120.56,1085.01
2024-02-28,USB-C Hub,North,P. Sharma,13.0,668.53,8690.86
2024-02-28,Keyboard,North,M. Verma,13.0,916.43,11913.59
2024-01-05,Mouse,North,R. Gupta,1.0,469.9,469.9
02/01/2024,Keyboard,North,S. Singh,1.0,858.61,858.61
01/02/2024,Webcam,West,P. Sharma,14.0,89.43,1252.07
2024-03-25,Laptop,South,M. Verma,11.0,123.5,1358.51
05/02/2024,Webcam,South,R. Gupta,2.0,80.64,161.29
06/01/2024,Webcam,East,S. Singh,12.0,80.27,963.23
16/02/2024,Monitor,North,S. Singh,13.0,,3438.23
05/03/2024,Webcam,North,S. Singh,10.0,79.6,796.01
2024-01-05,Monitor,East,A. Kumar,10.0,265.78,2657.78
15/02/2024,Headphones,South,R. Gupta,9.0,126.29,1136.59
25/01/2024,USB-C Hub,West,R. Gupta,7.0,691.58,4841.06
2024-03-11,USB-C Hub,East,S. Singh,6.0,716.34,4298.04
2024-02-20,Laptop,,P. Sharma,5.0,108.97,544.84
21/02/2024,Mouse,East,R. Gupta,14.0,482.51,6755.1
19/03/2024,USB-C Hub,East,A. Kumar,7.0,759.33,5315.29
2024-02-19,Laptop,West,R. Gupta,11.0,119.4,1313.45
2024-02-24,Mouse,East,A. Kumar,13.0,465.58,6052.55
2024-01-14,Headphones,East,R. Gupta,4.0,126.25,504.99
07/03/2024,Keyboard,North,S. Singh,4.0,884.2,3536.82
2024-02-01,Monitor,South,M. Verma,4.0,297.79,1191.14
2024-03-05,Headphones,North,P. Sharma,6.0,111.99,671.95
2024-01-23,USB-C Hub,West,S. Singh,12.0,718.69,8624.27
06/02/2024,Keyboard,West,S. Singh,14.0,942.07,13189.05
27/02/2024,Mouse,East,M. Verma,1.0,458.83,458.83
2024-02-15,Mouse,East,S. Singh,11.0,483.32,5316.51
18/02/2024,Keyboard,East,R. Gupta,6.0,907.11,5442.65
2024-03-17,USB-C Hub,South,M. Verma,2.0,679.52,1359.04
2024-02-25,Webcam,East,R. Gupta,13.0,90.48,1176.3
24/02/2024,Keyboard,North,R. Gupta,2.0,814.38,1628.75
2024-03-13,Headphones,West,P. Sharma,9.0,115.17,1036.52
30/01/2024,Headphones,West,A. Kumar,12.0,123.66,1483.87
12/03/2024,Mouse,East,A. Kumar,11.0,414.3,4557.32
07/03/2024,Monitor,North,A. Kumar,6.0,286.16,1716.97
2024-02-24,Webcam,East,R. Gupta,14.0,84.25,1179.44
2024-02-18,Laptop,East,R. Gupta,11.0,112.72,1239.93
22/01/2024,Keyboard,South,R. Gupta,13.0,870.21,11312.78
2024-03-05,USB-C Hub,North,P. Sharma,14.0,,10094.5
11/02/2024,USB-C Hub,North,A. Kumar,13.0,712.31,9260.03
2024-02-26,Keyboard,North,R. Gupta,6.0,903.37,5420.22
17/01/2024,Laptop,East,S. Singh,3.0,118.82,356.46
12/01/2024,USB-C Hub,West,S. Singh,4.0,678.61,2714.45
12/02/2024,Laptop,West,M. Verma,4.0,123.26,493.02
2024-01-24,Headphones,West,M. Verma,1.0,118.41,118.41
2024-03-27,Headphones,South,M. Verma,5.0,116.95,584.76
29/02/2024,Keyboard,North,P. Sharma,2.0,898.5,1797.0
2024-03-10,Laptop,North,R. Gupta,11.0,110.11,1211.26
21/02/2024,Keyboard,South,S. Singh,5.0,862.59,4312.94
24/02/2024,Monitor,South,S. Singh,8.0,281.63,2253.03
2024-02-25,Headphones,North,P. Sharma,11.0,116.0,1275.95
07/02/2024,Laptop,South,P. Sharma,14.0,108.5,1519.05
2024-01-12,Webcam,South,S. Singh,5.0,91.71,458.54
24/03/2024,USB-C Hub,North,M. Verma,8.0,743.16,5945.3
20/03/2024,Mouse,North,S. Singh,4.0,449.09,1796.37
2024-02-21,Headphones,North,P. Sharma,11.0,125.33,1378.59
19/01/2024,Webcam,South,S. Singh,9.0,91.07,819.65
2024-03-08,Monitor,East,A. Kumar,11.0,306.4,3370.41
21/03/2024,Headphones,North,M. Verma,11.0,116.63,1282.9
2024-02-29,Webcam,North,M. Verma,8.0,89.79,718.3
18/01/2024,Monitor,North,M. Verma,13.0,302.99,3938.85
2024-03-16,Webcam,East,M. Verma,9.0,81.48,733.33
2024-02-18,USB-C Hub,North,S. Singh,8.0,752.38,6019.04
26/02/2024,Webcam,West,R. Gupta,3.0,89.41,268.23
2024-01-02,Webcam,West,M. Verma,5.0,82.55,412.75
10/03/2024,Mouse,North,R. Gupta,14.0,481.39,6739.42
03/01/2024,Laptop,East,A. Kumar,6.0,114.52,687.15
27/01/2024,Monitor,West,S. Singh,5.0,265.39,1326.94
08/02/2024,  Headphones  ,South,A. Kumar,4.0,115.33,461.31
2024-01-21,Headphones,West,S. Singh,8.0,128.2,1025.59
01/02/2024,Headphones,South,R. Gupta,13.0,115.6,1502.8
12/01/2024,Webcam,North,M. Verma,6.0,80.29,481.77
27/03/2024,Mouse,South,P. Sharma,9.0,426.9,3842.1
2024-02-18,Webcam,,P. Sharma,9.0,84.13,757.2
27/02/2024,Headphones,West,M. Verma,7.0,116.87,818.07
2024-02-13,USB-C Hub,North,M. Verma,8.0,753.82,6030.56
2024-03-04,Keyboard,South,S. Singh,10.0,887.37,8873.69
09/01/2024,Mouse,East,M. Verma,9.0,448.64,4037.78
03/02/2024,Webcam,East,S. Singh,9.0,85.92,773.32
20/02/2024,Keyboard,West,S. Singh,10.0,877.35,8773.51
2024-02-07,Headphones,East,A. Kumar,7.0,119.65,837.57
2024-02-13,USB-C Hub,South,A. Kumar,1.0,716.27,716.27
2024-01-09,Laptop,South,S. Singh,8.0,119.21,953.69
2024-01-25,Headphones,North,R. Gupta,13.0,117.93,1533.05
23/02/2024,Webcam,East,R. Gupta,11.0,89.2,981.18
2024-03-20,Monitor,West,M. Verma,5.0,,1448.12
2024-01-15,Laptop,East,S. Singh,13.0,120.53,1566.85
2024-01-24,Monitor,South,S. Singh,2.0,280.63,561.26
2024-02-27,Mouse,West,R. Gupta,2.0,448.2,896.39
24/01/2024,Mouse,North,A. Kumar,14.0,461.36,6459.11
2024-01-30,Laptop,South,R. Gupta,2.0,115.83,231.66
2024-02-22,USB-C Hub,North,M. Verma,9.0,698.63,6287.65
12/03/2024,Webcam,South,R. Gupta,2.0,90.09,180.19
2024-03-27,Headphones,North,M. Verma,8.0,119.61,956.9
2024-02-11,Laptop,,P. Sharma,14.0,121.9,1706.61
2024-01-17,USB-C Hub,North,M. Verma,1.0,702.6,702.6
26/01/2024,Mouse,South,P. Sharma,9.0,474.47,4270.23
2024-02-29,  USB-C Hub  ,West,P. Sharma,8.0,702.11,5616.88
13/01/2024,Mouse,South,S. Singh,10.0,478.84,4788.41
10/02/2024,Keyboard,North,M. Verma,11.0,859.02,9449.25
2024-03-09,Headphones,North,R. Gupta,1.0,121.46,121.46
11/03/2024,Keyboard,East,S. Singh,9.0,883.1,7947.92
09/01/2024,Monitor,East,S. Singh,9.0,285.64,2570.74
2024-01-01,Headphones,North,P. Sharma,2.0,124.57,249.13
23/03/2024,Keyboard,West,M. Verma,2.0,853.47,1706.94
17/03/2024,Laptop,South,P. Sharma,5.0,120.49,602.46
2024-02-27,Laptop,North,A. Kumar,9.0,125.24,1127.2
2024-01-22,Keyboard,South,A. Kumar,3.0,816.41,2449.24
25/01/2024,Keyboard,North,M. Verma,8.0,848.58,6788.66
05/02/2024,Mouse,North,R. Gupta,14.0,441.29,6178.06
2024-03-02,Laptop,South,M. Verma,3.0,114.28,342.85
2024-03-18,Mouse,South,M. Verma,3.0,468.78,1406.35
2024-03-17,Mouse,East,A. Kumar,4.0,450.93,1803.71
21/03/2024,Webcam,East,R. Gupta,12.0,89.28,1071.33
2024-02-08,Mouse,South,M. Verma,2.0,422.24,844.49
06/03/2024,Monitor,South,R. Gupta,1.0,291.94,291.94
27/02/2024,Laptop,East,M. Verma,2.0,120.13,240.26
17/01/2024,Headphones,South,A. Kumar,6.0,123.09,738.51
2024-02-01,Webcam,West,A. Kumar,8.0,81.57,652.6
2024-01-30,USB-C Hub,West,S. Singh,,754.39,3771.97
25/01/2024,Monitor,East,P. Sharma,11.0,297.08,3267.87
12/01/2024,Laptop,North,R. Gupta,11.0,108.25,1190.8
2024-02-28,Keyboard,North,A. Kumar,2.0,835.17,1670.34
2024-01-28,Webcam,North,S. Singh,4.0,83.29,333.16
2024-03-17,Webcam,South,S. Singh,10.0,86.48,864.81
01/01/2024,Headphones,West,P. Sharma,13.0,112.76,1465.92
14/03/2024,Headphones,North,A. Kumar,3.0,126.97,380.91
2024-02-26,Webcam,North,S. Singh,6.0,86.49,518.97
20/02/2024,Mouse,South,A. Kumar,4.0,466.25,1865.01
2024-02-15,Laptop,West,P. Sharma,7.0,122.25,855.74
2024-01-11,Webcam,South,P. Sharma,10.0,91.61,916.12
2024-03-24,Headphones,North,M. Verma,6.0,120.5,723.0
2024-01-05,USB-C Hub,North,M. Verma,3.0,686.14,2058.42
2024-01-03,Headphones,East,P. Sharma,5.0,128.41,642.04
22/01/2024,Monitor,West,S. Singh,2.0,266.54,533.09
24/03/2024,Mouse,South,M. Verma,10.0,468.13,4681.27
2024-01-27,Keyboard,North,R. Gupta,14.0,837.85,11729.9
2024-02-26,Keyboard,East,P. Sharma,2.0,904.04,1808.07
05/02/2024,Monitor,South,P. Sharma,,276.64,553.29
23/01/2024,Mouse,North,A. Kumar,14.0,418.11,5853.54
27/02/2024,USB-C Hub,West,R. Gupta,5.0,718.42,3592.09
09/01/2024,Webcam,South,A. Kumar,9.0,80.9,728.08
2024-01-19,USB-C Hub,East,R. Gupta,7.0,752.29,5266.0
2024-02-02,Monitor,West,A. Kumar,14.0,277.17,3880.32
06/03/2024,Monitor,North,P. Sharma,7.0,262.94,1840.57
03/03/2024,Laptop,East,A. Kumar,9.0,111.59,1004.29
29/01/2024,Mouse,North,S. Singh,7.0,423.87,2967.1
2024-01-08,Mouse,West,R. Gupta,12.0,,5526.88
17/01/2024,Mouse,North,A. Kumar,9.0,427.42,3846.81
2024-01-04,Keyboard,North,R. Gupta,6.0,931.85,5591.12
2024-02-18,USB-C Hub,South,M. Verma,,754.86,6793.74
28/02/2024,Webcam,South,M. Verma,2.0,86.18,172.36
2024-02-19,Mouse,,R. Gupta,11.0,417.74,4595.1
2024-02-29,Laptop,North,A. Kumar,11.0,114.0,1254.01
20/02/2024,Keyboard,North,R. Gupta,5.0,854.41,4272.07
2024-01-09,Mouse,North,A. Kumar,12.0,439.03,5268.34
2024-03-22,Webcam,South,R. Gupta,5.0,82.99,414.96
22/01/2024,Monitor,North,R. Gupta,6.0,292.07,1752.41
04/03/2024,Keyboard,North,R. Gupta,2.0,925.11,1850.23
2024-01-09,Monitor,East,A. Kumar,10.0,302.98,3029.76
2024-02-02,Mouse,North,A. Kumar,3.0,415.89,1247.66
24/01/2024,Laptop,North,P. Sharma,9.0,123.94,1115.46
2024-02-09,Laptop,East,S. Singh,14.0,117.61,1646.52
2024-02-10,Laptop,East,R. Gupta,5.0,114.05,570.25
2024-01-18,Monitor,East,P. Sharma,13.0,279.69,3636.01
2024-03-29,Headphones,South,R. Gupta,12.0,120.68,1448.18
2024-03-09,Laptop,East,S. Singh,12.0,114.97,1379.68
07/01/2024,Headphones,East,R. Gupta,6.0,129.22,775.33
18/02/2024,Headphones,West,M. Verma,14.0,121.9,1706.66
2024-03-24,Laptop,North,M. Verma,12.0,124.95,1499.39
25/02/2024,Monitor,East,R. Gupta,11.0,278.64,3064.99
20/03/2024,Headphones,North,R. Gupta,3.0,118.13,354.38
2024-01-08,Headphones,East,M. Verma,4.0,122.99,491.96
2024-01-05,Laptop,East,S. Singh,8.0,124.59,996.71
26/01/2024,Headphones,South,A. Kumar,4.0,116.64,466.56
2024-02-27,Mouse,West,M. Verma,7.0,440.32,3082.26
26/01/2024,Headphones,North,S. Singh,9.0,120.94,1088.44
2024-03-19,USB-C Hub,North,M. Verma,11.0,766.23,8428.49
2024-03-12,Webcam,South,R. Gupta,5.0,92.18,460.89
20/03/2024,Monitor,South,A. Kumar,4.0,294.81,1179.24
12/01/2024,USB-C Hub,East,P. Sharma,13.0,,9158.15
27/02/2024,USB-C Hub,North,M. Verma,7.0,709.74,4968.16
2024-03-10,Laptop,South,R. Gupta,7.0,118.85,831.92
09/02/2024,Webcam,North,A. Kumar,12.0,84.45,1013.41
2024-03-18,Webcam,South,A. Kumar,11.0,91.58,1007.35
20/02/2024,Webcam,West,A. Kumar,5.0,80.06,400.3
04/01/2024,Mouse,South,S. Singh,9.0,442.42,3981.76
2024-02-28,Keyboard,North,R. Gupta,4.0,898.8,3595.22
2024-02-07,Keyboard,South,R. Gupta,10.0,828.08,8280.75
20/01/2024,  Laptop  ,South,R. Gupta,1.0,109.56,109.56
12/01/2024,Webcam,North,A. Kumar,5.0,92.67,463.36
03/02/2024,Keyboard,South,R. Gupta,4.0,822.92,3291.67
2024-02-04,USB-C Hub,West,S. Singh,6.0,676.29,4057.74
08/03/2024,Laptop,West,P. Sharma,3.0,122.8,368.41
2024-01-11,Headphones,East,R. Gupta,11.0,125.93,1385.23
2024-01-25,Headphones,West,A. Kumar,5.0,115.11,575.55
2024-01-27,Keyboard,South,R. Gupta,6.0,837.32,5023.9
2024-01-06,  Mouse  ,West,S. Singh,3.0,422.01,1266.02
29/03/2024,  USB-C Hub  ,West,R. Gupta,12.0,766.31,9195.73
2024-01-10,Webcam,South,A. Kumar,6.0,,495.03
14/03/2024,Laptop,North,P. Sharma,13.0,118.76,1543.89
2024-03-16,Laptop,East,P. Sharma,11.0,111.72,1228.87
2024-03-08,Headphones,South,P. Sharma,6.0,115.82,694.93
2024-02-06,Laptop,South,A. Kumar,9.0,115.53,1039.76
25/03/2024,Headphones,North,M. Verma,3.0,115.28,345.85
2024-01-17,Headphones,South,S. Singh,1.0,115.94,115.94
2024-03-16,Webcam,West,S. Singh,13.0,91.81,1193.52
04/02/2024,Monitor,East,R. Gupta,10.0,287.64,2876.44
04/01/2024,Mouse,West,A. Kumar,6.0,446.29,2677.72
02/02/2024,Laptop,South,R. Gupta,6.0,119.55,717.3
2024-03-16,Mouse,East,A. Kumar,5.0,459.8,2298.98
2024-02-10,Webcam,North,M. Verma,4.0,92.61,370.43
12/01/2024,Laptop,North,P. Sharma,13.0,114.71,1491.24
01/01/2024,Webcam,North,M. Verma,8.0,86.97,695.75
2024-01-04,USB-C Hub,South,A. Kumar,6.0,698.83,4192.98
2024-01-09,Headphones,East,M. Verma,14.0,128.29,1796.09
2024-03-22,Headphones,South,R. Gupta,3.0,117.25,351.75
2024-02-10,Laptop,West,M. Verma,8.0,114.65,917.21
22/02/2024,USB-C Hub,South,A. Kumar,14.0,762.34,10672.72
23/02/2024,USB-C Hub,North,M. Verma,13.0,702.63,9134.17
29/01/2024,Headphones,North,R. Gupta,4.0,124.01,496.06
28/01/2024,Monitor,West,P. Sharma,14.0,268.55,3759.66
10/02/2024,Mouse,North,R. Gupta,5.0,430.45,2152.26
31/01/2024,Laptop,South,P. Sharma,8.0,122.04,976.32
2024-02-10,Keyboard,East,S. Singh,7.0,866.66,6066.63
01/03/2024,USB-C Hub,South,P. Sharma,9.0,726.63,6539.69
10/01/2024,Monitor,,A. Kumar,2.0,276.9,553.8
2024-03-16,Monitor,North,S. Singh,7.0,274.54,1921.76
14/03/2024,USB-C Hub,West,R. Gupta,10.0,746.19,7461.94
04/02/2024,Monitor,East,S. Singh,9.0,288.54,2596.84
02/02/2024,Webcam,West,M. Verma,10.0,,888.58
11/01/2024,Monitor,West,S. Singh,13.0,,3835.44
22/03/2024,Monitor,South,M. Verma,2.0,295.38,590.76
2024-03-07,USB-C Hub,North,P. Sharma,8.0,690.78,5526.21
2024-03-01,USB-C Hub,East,M. Verma,2.0,663.56,1327.12
2024-02-05,  USB-C Hub  ,,S. Singh,11.0,736.38,8100.15
2024-03-28,Mouse,East,R. Gupta,11.0,452.7,4979.73
2024-03-22,Laptop,North,A. Kumar,12.0,108.71,1304.55
2024-02-28,  Mouse  ,East,S. Singh,4.0,431.98,1727.9
01/01/2024,Monitor,South,R. Gupta,6.0,263.63,1581.77
2024-01-09,Webcam,East,S. Singh,2.0,87.24,174.47
2024-03-29,USB-C Hub,East,A. Kumar,4.0,668.38,2673.5
03/02/2024,Mouse,East,S. Singh,11.0,424.03,4664.28
19/02/2024,Laptop,West,S. Singh,,116.67,350.02
27/03/2024,Monitor,South,A. Kumar,6.0,274.91,1649.45
2024-03-07,Webcam,West,M. Verma,2.0,91.74,183.48
2024-03-11,USB-C Hub,South,R. Gupta,3.0,678.9,2036.71
02/01/2024,  Webcam  ,West,P. Sharma,9.0,90.38,813.38
2024-02-17,Laptop,South,M. Verma,11.0,120.12,1321.31
29/03/2024,Laptop,East,M. Verma,12.0,116.7,1400.44
2024-02-09,USB-C Hub,South,S. Singh,13.0,735.44,9560.72
15/03/2024,Laptop,East,S. Singh,13.0,115.66,1503.52
04/01/2024,Laptop,East,R. Gupta,12.0,125.25,1502.94
29/03/2024,USB-C Hub,East,S. Singh,14.0,658.11,9213.54
2024-02-16,Webcam,South,M. Verma,10.0,81.6,816.01
26/02/2024,Headphones,North,S. Singh,12.0,121.01,1452.08
17/02/2024,Mouse,North,R. Gupta,1.0,426.62,426.62
2024-01-04,Laptop,East,S. Singh,9.0,120.79,1087.11
05/02/2024,Keyboard,West,A. Kumar,5.0,866.65,4333.23
29/01/2024,Laptop,East,R. Gupta,3.0,109.04,327.11
2024-01-04,USB-C Hub,East,A. Kumar,12.0,724.02,8688.27
2024-02-17,Headphones,East,P. Sharma,7.0,118.52,829.62
21/01/2024,Laptop,West,P. Sharma,2.0,125.15,250.29
11/03/2024,Laptop,East,A. Kumar,6.0,117.77,706.64
20/01/2024,Headphones,,P. Sharma,9.0,127.97,1151.75
26/03/2024,Webcam,,R. Gupta,1.0,80.27,80.27
13/03/2024,Mouse,West,R. Gupta,3.0,447.09,1341.28
2024-03-08,USB-C Hub,North,S. Singh,14.0,692.95,9701.27
2024-03-01,Mouse,South,M. Verma,13.0,419.45,5452.82
18/01/2024,  Mouse  ,South,M. Verma,11.0,430.46,4735.07
2024-02-24,Laptop,North,S. Singh,13.0,116.71,1517.19
2024-02-28,Mouse,North,S. Singh,11.0,456.48,5021.24
13/03/2024,Keyboard,East,A. Kumar,7.0,887.46,6212.24
05/01/2024,Monitor,East,A. Kumar,1.0,283.1,283.1
2024-03-17,Headphones,West,A. Kumar,5.0,129.14,645.72
27/02/2024,USB-C Hub,West,R. Gupta,8.0,681.51,5452.1
23/01/2024,Webcam,East,S. Singh,12.0,81.16,973.93
12/02/2024,Webcam,South,M. Verma,13.0,87.15,1132.89
19/03/2024,USB-C Hub,West,P. Sharma,10.0,722.37,7223.67
24/02/2024,Headphones,East,A. Kumar,11.0,128.0,1407.99
2024-01-01,USB-C Hub,East,M. Verma,11.0,710.34,7813.72
2024-02-21,Webcam,South,P. Sharma,8.0,80.06,640.5
13/03/2024,Laptop,West,M. Verma,5.0,118.26,591.31
2024-03-13,Keyboard,South,M. Verma,12.0,944.17,11330.06
2024-03-05,USB-C Hub,East,A. Kumar,7.0,671.22,4698.52
17/01/2024,Headphones,West,P. Sharma,11.0,122.71,1349.86
2024-02-09,Keyboard,South,P. Sharma,6.0,821.2,4927.22
12/01/2024,Webcam,South,M. Verma,7.0,84.99,594.95
2024-03-11,Laptop,West,A. Kumar,2.0,110.82,221.64
2024-03-26,Keyboard,North,M. Verma,2.0,924.96,1849.91
2024-01-03,Monitor,East,P. Sharma,10.0,307.15,3071.46
14/02/2024,Keyboard,North,R. Gupta,,898.36,2695.08
03/03/2024,Monitor,North,A. Kumar,12.0,292.27,3507.28
01/03/2024,Webcam,East,M. Verma,14.0,84.36,1181.07
2024-03-15,Keyboard,South,P. Sharma,2.0,833.92,1667.84
05/01/2024,Monitor,South,M. Verma,10.0,297.01,2970.09
07/03/2024,Keyboard,East,A. Kumar,4.0,886.58,3546.32
2024-02-01,Laptop,East,A. Kumar,4.0,109.5,437.99
11/02/2024,Monitor,East,M. Verma,6.0,272.59,1635.51
08/03/2024,Monitor,South,S. Singh,7.0,272.86,1910.01
16/02/2024,Mouse,South,S. Singh,5.0,483.29,2416.43
2024-01-04,Laptop,West,P. Sharma,4.0,113.15,452.61
2024-03-02,USB-C Hub,South,R. Gupta,14.0,678.6,9500.34
29/02/2024,Monitor,South,P. Sharma,7.0,282.07,1974.46
18/03/2024,Webcam,East,S. Singh,13.0,84.53,1098.92
2024-02-20,Laptop,South,P. Sharma,3.0,109.62,328.87
09/03/2024,Webcam,West,S. Singh,14.0,83.45,1168.36
2024-02-17,Webcam,West,R. Gupta,12.0,79.29,951.44
2024-01-20,Headphones,South,P. Sharma,1.0,111.54,111.54
10/03/2024,Laptop,South,R. Gupta,12.0,108.55,1302.54
18/03/2024,Laptop,East,M. Verma,3.0,116.56,349.68
11/02/2024,USB-C Hub,North,A. Kumar,13.0,712.31,9260.03
2024-03-24,Headphones,South,R. Gupta,6.0,124.77,748.64
2024-02-27,USB-C Hub,North,M. Verma,10.0,751.88,7518.8
2024-02-17,Webcam,North,S. Singh,5.0,82.5,412.51
2024-01-11,Laptop,East,A. Kumar,8.0,121.15,969.19
22/03/2024,USB-C Hub,East,P. Sharma,14.0,718.69,10061.61
05/01/2024,Mouse,West,S. Singh,3.0,450.23,1350.68
2024-01-06,Monitor,North,M. Verma,14.0,280.45,3926.3
05/03/2024,Monitor,West,S. Singh,6.0,277.59,1665.53
01/02/2024,USB-C Hub,East,A. Kumar,6.0,722.44,4334.63
2024-02-07,Monitor,West,M. Verma,8.0,302.2,2417.63
2024-02-28,Keyboard,North,M. Verma,13.0,916.43,11913.59
05/01/2024,Headphones,North,M. Verma,5.0,123.68,618.38
2024-01-02,Headphones,South,P. Sharma,6.0,120.16,720.95
2024-03-28,USB-C Hub,,S. Singh,13.0,716.2,9310.56
2024-01-08,Headphones,North,A. Kumar,9.0,116.35,1047.17
2024-03-20,Mouse,South,M. Verma,11.0,431.3,4744.25
12/03/2024,Mouse,North,P. Sharma,14.0,483.24,6765.31
2024-03-01,Monitor,East,M. Verma,12.0,266.91,3202.91
2024-02-01,Monitor,East,A. Kumar,2.0,268.04,536.08
03/01/2024,Monitor,North,R. Gupta,8.0,280.65,2245.16
2024-03-17,Monitor,West,S. Singh,10.0,267.24,2672.44
12/01/2024,Monitor,West,S. Singh,5.0,304.27,1521.33
2024-03-13,USB-C Hub,East,P. Sharma,8.0,686.92,5495.36
26/02/2024,Monitor,North,P. Sharma,2.0,291.82,583.64
2024-02-18,  Laptop  ,West,P. Sharma,10.0,111.39,1113.94
2024-02-21,Keyboard,East,P. Sharma,13.0,915.15,11896.92
2024-03-16,Headphones,East,R. Gupta,14.0,128.97,1805.54
2024-02-23,Keyboard,East,P. Sharma,4.0,821.58,3286.31
2024-01-09,Headphones,West,S. Singh,14.0,124.95,1749.31
2024-01-07,Laptop,North,M. Verma,2.0,110.75,221.5
2024-02-13,Headphones,South,S. Singh,11.0,126.33,1389.64
16/02/2024,Monitor,South,R. Gupta,12.0,291.51,3498.15
13/03/2024,Keyboard,East,A. Kumar,7.0,887.46,6212.24
2024-02-05,Headphones,East,P. Sharma,14.0,123.61,1730.5
2024-03-23,Webcam,South,S. Singh,12.0,82.3,987.64
06/03/2024,Monitor,South,M. Verma,10.0,272.84,2728.4
2024-02-26,Headphones,North,P. Sharma,5.0,119.11,595.55
2024-03-25,Headphones,West,R. Gupta,9.0,113.9,1025.11
13/03/2024,Keyboard,South,P. Sharma,12.0,917.58,11011.0
08/02/2024,Monitor,South,M. Verma,13.0,276.31,3592.0
2024-03-12,Keyboard,West,R. Gupta,7.0,890.72,6235.03
08/02/2024,Mouse,East,A. Kumar,8.0,457.25,3657.98
29/03/2024,  Mouse  ,North,R. Gupta,1.0,475.33,475.33
10/03/2024,USB-C Hub,East,S. Singh,5.0,745.17,3725.83
2024-01-26,Mouse,East,A. Kumar,3.0,458.92,1376.75
2024-02-19,Webcam,North,A. Kumar,1.0,80.8,80.8
2024-01-30,Laptop,East,A. Kumar,7.0,120.37,842.62
12/02/2024,Keyboard,East,P. Sharma,2.0,899.75,1799.51
01/03/2024,Headphones,East,P. Sharma,9.0,128.66,1157.95
2024-03-17,Laptop,East,A. Kumar,8.0,113.4,907.2
24/02/2024,Monitor,East,S. Singh,3.0,275.22,825.66
18/01/2024,Mouse,East,P. Sharma,2.0,485.29,970.58
01/02/2024,Keyboard,North,S. Singh,10.0,,9192.33
30/03/2024,Headphones,,P. Sharma,3.0,114.02,342.05
2024-01-11,Headphones,South,S. Singh,5.0,126.39,631.97
04/01/2024,Mouse,West,S. Singh,14.0,434.63,6084.83
22/01/2024,Keyboard,West,M. Verma,5.0,806.26,4031.32
24/02/2024,USB-C Hub,North,M. Verma,12.0,720.21,8642.58
2024-02-26,Webcam,South,R. Gupta,6.0,87.1,522.58
2024-02-13,Monitor,South,R. Gupta,11.0,299.9,3298.88
03/01/2024,Laptop,East,R. Gupta,9.0,111.55,1003.98
2024-01-10,Headphones,North,S. Singh,11.0,122.82,1350.99
19/01/2024,Webcam,West,M. Verma,11.0,82.88,911.68
2024-02-03,Headphones,West,A. Kumar,8.0,117.87,942.95
2024-02-13,Headphones,North,A. Kumar,1.0,116.71,116.71
29/01/2024,Mouse,West,A. Kumar,13.0,484.26,6295.42
2024-03-07,Laptop,East,R. Gupta,9.0,116.26,1046.37
08/01/2024,Webcam,South,S. Singh,2.0,84.85,169.71
2024-02-01,Headphones,North,P. Sharma,8.0,120.26,962.05
2024-02-01,USB-C Hub,North,P. Sharma,8.0,696.97,5575.75
2024-01-24,Mouse,West,A. Kumar,13.0,471.44,6128.75
2024-03-25,Monitor,North,P. Sharma,5.0,275.39,1376.95
2024-02-24,Monitor,East,R. Gupta,1.0,262.87,262.87
22/02/2024,Headphones,North,R. Gupta,1.0,114.91,114.91
22/02/2024,Headphones,East,A. Kumar,3.0,118.07,354.22
2024-02-04,Laptop,North,P. Sharma,10.0,116.96,1169.59
2024-01-04,Webcam,West,R. Gupta,6.0,86.51,519.06
2024-03-24,Mouse,West,P. Sharma,14.0,418.6,5860.39
2024-03-14,Laptop,West,S. Singh,,116.9,1519.67
09/01/2024,Webcam,West,P. Sharma,8.0,81.6,652.78
18/01/2024,Monitor,South,M. Verma,6.0,274.04,1644.27
2024-03-05,Laptop,South,R. Gupta,13.0,113.58,1476.6
2024-03-17,Headphones,West,S. Singh,10.0,115.57,1155.72
2024-02-28,Laptop,West,S. Singh,8.0,112.9,903.21
11/01/2024,Mouse,East,P. Sharma,14.0,481.17,6736.4
2024-02-09,Monitor,East,S. Singh,1.0,265.44,265.44
09/03/2024,Mouse,West,A. Kumar,9.0,457.33,4115.97
28/01/2024,Keyboard,West,R. Gupta,14.0,927.92,12990.83
2024-03-19,Mouse,South,P. Sharma,14.0,472.64,6616.9
04/01/2024,Keyboard,North,R. Gupta,2.0,926.39,1852.78
08/03/2024,Headphones,West,A. Kumar,6.0,117.19,703.12
26/02/2024,Webcam,East,M. Verma,2.0,83.82,167.65
27/02/2024,USB-C Hub,West,S. Singh,7.0,738.64,5170.51
2024-02-12,Headphones,North,P. Sharma,12.0,126.89,1522.73
04/03/2024,Mouse,East,A. Kumar,3.0,430.92,1292.76
25/01/2024,Webcam,North,R. Gupta,13.0,87.61,1138.99
04/02/2024,Mouse,South,R. Gupta,11.0,469.84,5168.28
06/01/2024,Headphones,South,P. Sharma,6.0,112.95,677.69
2024-02-14,Mouse,South,A. Kumar,,423.04,5076.48
2024-01-29,USB-C Hub,South,M. Verma,14.0,732.63,10256.77
21/02/2024,Laptop,North,M. Verma,9.0,112.17,1009.54
2024-02-25,Headphones,North,R. Gupta,3.0,111.62,334.87
17/02/2024,Headphones,North,M. Verma,12.0,119.65,1435.76
2024-02-20,Laptop,North,R. Gupta,6.0,113.5,680.99
2024-01-14,Laptop,East,A. Kumar,10.0,108.22,1082.24
